{"posicion":{"x":22.832307815551759,"y":2.7899999618530275,"z":-65.28691864013672},"vida":60}