{"posicion":{"x":17.49871253967285,"y":2.7899997234344484,"z":34.686031341552737},"vida":60}