{"posicion":{"x":-1.0458828210830689,"y":2.8399999141693117,"z":28.135236740112306},"vida":60}