{"posicion":{"x":19.510412216186525,"y":2.7899997234344484,"z":34.987342834472659},"vida":60}