{"posicion":{"x":-6.9079670906066898,"y":2.7899997234344484,"z":7.28466796875},"vida":60}