{"posicion":{"x":13.926400184631348,"y":2.7899999618530275,"z":17.056182861328126},"vida":60}