{"posicion":{"x":14.283615112304688,"y":2.869856834411621,"z":29.513835906982423},"vida":60}