{"posicion":{"x":22.49717140197754,"y":2.7899997234344484,"z":43.3920783996582},"vida":120}