{"posicion":{"x":8.886441230773926,"y":2.8399996757507326,"z":28.839092254638673},"vida":60}