{"posicion":{"x":9.53307056427002,"y":2.869999885559082,"z":32.971797943115237},"vida":60}