{"posicion":{"x":4.287831783294678,"y":2.8399999141693117,"z":19.841651916503908},"vidaJ1":8,"vidaJ2":22,"nivelJ1":2,"nivelJ2":2}