{"posicion":{"x":-4.968704700469971,"y":2.8399999141693117,"z":19.78293800354004},"vidaJ1":30,"vidaJ2":24,"nivelJ1":2,"nivelJ2":2,"xpRequerido":50}