{"posicion":{"x":31.389999389648439,"y":2.8399996757507326,"z":27.83470916748047},"vida":60}