{"posicion":{"x":3.1614112854003908,"y":2.8399999141693117,"z":15.192180633544922},"vidaJ1":30,"vidaJ2":30,"nivelJ1":1,"nivelJ2":1,"xpRequerido":0}