{"posicion":{"x":0.9667829871177673,"y":2.8394477367401125,"z":37.29146957397461},"vida":60}