{"posicion":{"x":0.30765679478645327,"y":2.8399999141693117,"z":-64.03424072265625}}