{"posicion":{"x":-5.240010738372803,"y":2.8399999141693117,"z":24.713518142700197},"vidaJ1":30,"vidaJ2":2,"nivelJ1":3,"nivelJ2":3,"xpRequerido":5}