{"posicion":{"x":27.423036575317384,"y":2.7899999618530275,"z":0.17942450940608979},"vida":60}