{"cameraMode":{"drawMode":0,"name":"Shaded","section":"Shading Mode"},"sceneLighting":true,"audioPlay":false,"sceneViewState":{"m_AlwaysRefresh":true,"showFog":true,"showSkybox":true,"showFlares":true,"showImageEffects":true,"showParticleSystems":true,"showVisualEffectGraphs":true,"m_FxEnabled":true},"in2DMode":false,"pivot":{"x":-10.800000190734864,"y":2.3499999046325685,"z":-0.6100000143051148},"rotation":{"x":-0.05624159798026085,"y":-0.2499786615371704,"z":0.016175294294953347,"w":-0.9669176340103149},"size":6.451103687286377,"orthographic":false}