{"cameraMode":{"drawMode":0,"name":"Shaded","section":"Shading Mode"},"sceneLighting":true,"audioPlay":false,"sceneViewState":{"m_AlwaysRefresh":true,"showFog":true,"showSkybox":true,"showFlares":true,"showImageEffects":true,"showParticleSystems":true,"showVisualEffectGraphs":true,"m_FxEnabled":true},"in2DMode":false,"pivot":{"x":13.70399284362793,"y":15.112628936767579,"z":-6.011924743652344},"rotation":{"x":-0.320005863904953,"y":0.057186197489500049,"z":-0.018780281767249109,"w":-0.9461625814437866},"size":3.5386011600494386,"orthographic":false}