{"cameraMode":{"drawMode":0,"name":"Shaded","section":"Shading Mode"},"sceneLighting":true,"audioPlay":false,"sceneViewState":{"m_AlwaysRefresh":true,"showFog":true,"showSkybox":true,"showFlares":true,"showImageEffects":true,"showParticleSystems":true,"showVisualEffectGraphs":true,"m_FxEnabled":true},"in2DMode":false,"pivot":{"x":2.1714110374450685,"y":-5.483345031738281,"z":-7.059503555297852},"rotation":{"x":-0.02962706796824932,"y":-0.07757210731506348,"z":-0.005937598645687103,"w":0.9967092275619507},"size":1.066352128982544,"orthographic":false}