{"cameraMode":{"drawMode":0,"name":"Shaded","section":"Shading Mode"},"sceneLighting":true,"audioPlay":false,"sceneViewState":{"m_AlwaysRefresh":true,"showFog":true,"showSkybox":true,"showFlares":true,"showImageEffects":true,"showParticleSystems":true,"showVisualEffectGraphs":true,"m_FxEnabled":true},"in2DMode":false,"pivot":{"x":1.4938373565673829,"y":-19.60675621032715,"z":10.704538345336914},"rotation":{"x":0.012060917913913727,"y":-0.8891137838363648,"z":0.45775407552719118,"w":0.01794077828526497},"size":17.976016998291017,"orthographic":false}