{"cameraMode":{"drawMode":0,"name":"Shaded","section":"Shading Mode"},"sceneLighting":true,"audioPlay":false,"sceneViewState":{"m_AlwaysRefresh":true,"showFog":true,"showSkybox":true,"showFlares":true,"showImageEffects":true,"showParticleSystems":true,"showVisualEffectGraphs":true,"m_FxEnabled":true},"in2DMode":false,"pivot":{"x":-46.47745895385742,"y":30.744003295898439,"z":6.763213634490967},"rotation":{"x":-0.2933708429336548,"y":-0.18805061280727387,"z":-0.062077246606349948,"w":0.9354142546653748},"size":2.6209473609924318,"orthographic":false}