{"cameraMode":{"drawMode":0,"name":"Shaded","section":"Shading Mode"},"sceneLighting":true,"audioPlay":false,"sceneViewState":{"m_AlwaysRefresh":true,"showFog":true,"showSkybox":true,"showFlares":true,"showImageEffects":true,"showParticleSystems":true,"showVisualEffectGraphs":true,"m_FxEnabled":true},"in2DMode":false,"pivot":{"x":1.5313106775283814,"y":7.720981597900391,"z":-78.10301208496094},"rotation":{"x":-0.39823025465011599,"y":-0.00931425392627716,"z":0.006857892964035273,"w":-0.9175556898117065},"size":7.0826263427734379,"orthographic":false}