{"cameraMode":{"drawMode":0,"name":"Shaded","section":"Shading Mode"},"sceneLighting":true,"audioPlay":false,"sceneViewState":{"m_AlwaysRefresh":true,"showFog":true,"showSkybox":true,"showFlares":true,"showImageEffects":true,"showParticleSystems":true,"showVisualEffectGraphs":true,"m_FxEnabled":true},"in2DMode":false,"pivot":{"x":0.4186915159225464,"y":6.941251754760742,"z":-11.795459747314454},"rotation":{"x":-0.24851690232753755,"y":0.0922936424612999,"z":-0.02180112712085247,"w":-0.9644519686698914},"size":2.1019599437713625,"orthographic":false}