{"cameraMode":{"drawMode":0,"name":"Shaded","section":"Shading Mode"},"sceneLighting":true,"audioPlay":false,"sceneViewState":{"m_AlwaysRefresh":true,"showFog":true,"showSkybox":true,"showFlares":true,"showImageEffects":true,"showParticleSystems":true,"showVisualEffectGraphs":true,"m_FxEnabled":true},"in2DMode":false,"pivot":{"x":1.3839939832687379,"y":4.9735612869262699,"z":-72.15447235107422},"rotation":{"x":-0.0008271253318525851,"y":0.9963192939758301,"z":-0.08993561565876007,"w":0.00923407543450594},"size":6.8254075050354,"orthographic":false}