{"cameraMode":{"drawMode":0,"name":"Shaded","section":"Shading Mode"},"sceneLighting":true,"audioPlay":false,"sceneViewState":{"m_AlwaysRefresh":true,"showFog":true,"showSkybox":true,"showFlares":true,"showImageEffects":true,"showParticleSystems":true,"showVisualEffectGraphs":true,"m_FxEnabled":true},"in2DMode":false,"pivot":{"x":-13.384696960449219,"y":28.180810928344728,"z":59.63764953613281},"rotation":{"x":0.18293288350105287,"y":0.06511132419109345,"z":0.014676211401820183,"w":-0.9811768531799316},"size":38.07886505126953,"orthographic":false}