{"cameraMode":{"drawMode":0,"name":"Shaded","section":"Shading Mode"},"sceneLighting":true,"audioPlay":false,"sceneViewState":{"m_AlwaysRefresh":true,"showFog":true,"showSkybox":true,"showFlares":true,"showImageEffects":true,"showParticleSystems":true,"showVisualEffectGraphs":true,"m_FxEnabled":true},"in2DMode":false,"pivot":{"x":2.4037137031555177,"y":13.924205780029297,"z":-12.13861083984375},"rotation":{"x":-0.28849518299102785,"y":0.012365786358714104,"z":-0.0020977873355150224,"w":-0.9579160213470459},"size":1.7320507764816285,"orthographic":false}