{"cameraMode":{"drawMode":0,"name":"Shaded","section":"Shading Mode"},"sceneLighting":true,"audioPlay":false,"sceneViewState":{"m_AlwaysRefresh":true,"showFog":true,"showSkybox":true,"showFlares":true,"showImageEffects":true,"showParticleSystems":true,"showVisualEffectGraphs":true,"m_FxEnabled":true},"in2DMode":false,"pivot":{"x":-53.10110092163086,"y":14.450057983398438,"z":27.61791229248047},"rotation":{"x":-0.2041560560464859,"y":0.0024538072757422926,"z":0.0010230382904410363,"w":-0.9794149398803711},"size":8.863327980041504,"orthographic":false}